,match_id,radiant_win
0,1671421953,False
1,2181038082,True
2,1878679558,False
3,1582563336,True
4,1432951468,True
5,1934624087,False
6,1986797570,False
7,1591066639,True
8,1456955408,True
9,2142507011,False
10,1945023833,False
11,2063555247,True
12,1848115232,False
13,1525325858,False
14,1666424868,False
15,2109702182,True
16,2138497064,False
17,1601372205,False
18,1966617949,False
19,1517804212,False
20,1840644155,True
21,1934639165,False
22,1459920962,False
23,2078130243,False
24,1398997066,True
25,1347435191,False
26,1483096140,True
27,772554830,True
28,1884872789,True
29,1935285857,False
30,2008858712,True
31,1414070361,True
32,1493082202,False
33,1471873117,True
34,2116001889,True
35,1454432355,False
36,1465255270,False
37,1620467814,False
38,2064531559,True
39,1835417704,False
40,2010213052,False
41,1691714801,False
42,770826349,True
43,2008514673,True
44,1321959547,True
45,1879867517,True
46,1822326913,False
47,1899675778,True
48,1895378966,False
49,1940406408,False
50,1891188879,True
51,2031108240,True
52,2092744852,False
53,2061779096,False
54,1972994203,False
55,1668751522,True
56,2095366171,True
57,1673552043,True
58,1854374060,True
59,1378853038,False
60,1919959215,True
61,1531306161,False
62,1808571561,False
63,1671340219,False
64,1912135868,True
65,1300023931,True
66,1536196804,True
67,1812930758,False
68,2108580048,False
69,1523269841,True
70,1523286226,True
71,1865588772,False
72,2076295390,True
73,1885790437,True
74,1453048038,True
75,1936007405,False
76,1796628725,True
77,1814841742,True
78,1494630650,True
79,1687118078,False
80,1995874559,True
81,1479131392,True
82,1915027713,False
83,1355219205,False
84,1974509830,False
85,2067783943,False
86,1858887944,False
87,1403674891,True
88,2179252492,True
89,1394557200,True
90,1587314962,False
91,1541718295,True
92,1880219929,True
93,2010914863,False
94,2194260255,True
95,1489510691,False
96,2062360869,True
97,1668579624,True
98,1932755249,True
99,2107957556,False
100,1443982046,False
101,1522819385,False
102,1562149181,False
103,1666539842,False
104,2008015176,False
105,2142527819,False
106,1916879181,True
107,1492369743,False
108,1552638292,True
109,1414480214,False
110,1417355607,False
111,1909825881,True
112,2140619101,True
113,1673194213,False
114,2009105808,False
115,1670865252,True
116,2179222246,False
117,1525596520,True
118,1319313770,False
119,2079482219,True
120,1913463151,False
121,1991188850,False
122,2184118645,False
123,2081841527,True
124,1571709304,True
125,1533313401,False
126,771125367,True
127,2010284412,False
128,1668432255,True
129,1480802693,True
130,1805173130,False
131,2033930307,True
132,2016100756,False
133,1827709336,False
134,1528537502,True
135,1402626467,False
136,1694261668,False
137,1860067758,True
138,2008367535,False
139,2130818462,True
140,1684521403,False
141,1812038078,False
142,1868898751,False
143,1912218049,False
144,1973223875,True
145,1871750561,False
146,1671274952,False
147,1860936099,False
148,1963377105,True
149,1361461726,False
150,1981088223,True
151,1804370401,True
152,1895314854,True
153,1503727014,False
154,1808507369,True
155,1966694893,False
156,1444137725,True
157,1916772853,False
158,1921106426,True
159,1668792831,False
160,1840497153,False
161,1347548587,True
162,1471167234,True
163,1812988431,False
164,1456382481,False
165,2115207703,True
166,2030477854,True
167,1813635619,True
168,1673558412,False
169,1976132158,False
170,1832469058,True
171,1947992644,False
172,2063816118,False
173,1481687622,True
174,1988165729,False
175,1894030092,False
176,1986732619,False
177,1474781772,True
178,1771217486,False
179,2015945300,True
180,1885889110,False
181,1834706362,True
182,1530856031,True
183,1412039264,True
184,1689199207,False
185,1488683111,True
186,1849983598,False
187,2109842031,False
188,1324647024,False
189,1478468210,True
190,1933638419,False
191,1663885942,True
192,1365516919,False
193,1471013499,True
194,1994662524,False
195,1361289854,True
196,1473427701,True
197,1849877128,True
198,1666286219,True
199,2030985868,True
200,2015617679,False
201,1462821521,True
202,1880744594,False
203,1960084115,False
204,1472447125,False
205,2130698905,False
206,1443758749,False
207,1379746473,True
208,1504150188,False
209,1413825200,False
210,1860642249,True
211,1338314868,False
212,1879676362,False
213,1528283839,True
214,1883792064,False
215,1689526977,True
216,1671201476,False
217,1803043526,False
218,2077418186,True
219,1895629515,True
220,1553138381,False
221,2093179602,False
222,1920090835,False
223,1978524377,False
224,1491518174,False
225,1896686306,True
226,1984529130,False
227,1430045419,False
228,1885790956,True
229,1891053694,True
230,1668319630,False
231,1976550135,True
232,2193441529,False
233,1984422652,False
234,1352411946,True
235,1527923455,False
236,1465656073,True
237,2062614658,False
238,1404838670,True
239,1910121231,True
240,1871545106,False
241,2063614085,False
242,2115601185,False
243,1663755043,False
244,1981276967,False
245,1990288169,False
246,1998652203,True
247,2112955180,True
248,774318898,True
249,1880089390,False
250,1601102639,True
251,1876624178,False
252,1993802548,True
253,1878188855,True
254,1871749948,True
255,2062500670,False
256,2183947071,False
257,1867080514,False
258,1995727685,False
259,2066514759,False
260,1666048848,True
261,1501635409,False
262,1883087699,False
263,1800741716,False
264,1983480663,True
265,1363682138,False
266,2065482587,False
267,1463837535,True
268,1815833403,False
269,1579156324,False
270,2065752934,False
271,1896776555,False
272,1508729726,False
273,1544323975,True
274,1401578379,False
275,1991426957,False
276,1911497618,True
277,1488184211,False
278,1450664852,False
279,2057847701,True
280,2075411351,False
281,1798423449,False
282,1400775587,True
283,1993753508,False
284,1663763370,False
285,2111906731,True
286,1876353970,False
287,1796686774,False
288,769166153,True
289,1402520510,True
290,2070184901,False
291,2113520583,False
292,2108326859,False
293,1901085649,False
294,1998201818,False
295,1570866143,False
296,1379908432,False
297,1389020135,False
298,1670702068,True
299,1394416468,False
300,1310508027,False
301,1973117951,False
302,2108392454,True
303,1965679626,False
304,1774633996,False
305,1495827470,False
306,1525589012,False
307,1670611989,True
308,1401988119,True
309,1394623513,True
310,1883694107,True
311,1060283420,False
312,1501840414,True
313,1386161185,True
314,1968530466,False
315,2077303843,True
316,2096694313,True
317,1611981867,True
318,2095244332,True
319,1376322049,True
320,2095097165,False
321,2064983103,False
322,1800643648,False
323,1561486401,False
324,2097579074,True
325,2111841347,True
326,1816634444,False
327,1424090189,True
328,1360872526,False
329,1305762760,True
330,1998496853,True
331,1836541017,False
332,1964268761,False
333,1950217743,False
334,1367278686,True
335,1893213280,True
336,1981383777,False
337,2013668459,True
338,1825256978,False
339,1463878767,True
340,1640759334,False
341,1670808701,False
342,1894319235,False
343,1366651073,False
344,1901511818,False
345,1673208977,False
346,1347436974,False
347,1987953814,True
348,1843627161,True
349,1673659546,True
350,1455408284,False
351,1668646062,True
352,1666122929,False
353,2061649074,True
354,1532798131,False
355,2081957054,True
356,1934607551,True
357,1960502464,False
358,1356850371,False
359,1452942532,True
360,2063221959,False
361,1470596296,False
362,1553212619,True
363,2177549858,False
364,1549239511,False
365,1963631832,False
366,1883522276,False
367,1832617510,True
368,1909728487,True
369,1402012905,False
370,2184275180,True
371,1980941553,True
372,1929831670,False
373,1463567607,True
374,2001143037,False
375,2128381185,True
376,1374643460,True
377,1514472710,False
378,2062557027,False
379,1421280530,True
380,1893000472,True
381,1664009497,False
382,1610007847,True
383,1684809000,False
384,1460479274,False
385,1947403563,False
386,2065614124,True
387,1943053613,False
388,1640842803,False
389,1884808502,True
390,2155027337,True
391,1861768756,False
392,1871463989,True
393,2107778368,True
394,1394246977,True
395,2096571723,False
396,1934837069,False
397,1668613457,True
398,1430261987,True
399,1409230166,False
400,1959626071,True
401,1899521370,True
402,1481844063,False
403,1893336416,True
404,1931576675,True
405,1502758246,False
406,1883432296,False
407,1481573737,True
408,1401906540,True
409,1527842157,True
410,1932543343,False
411,1532667249,False
412,1986323827,False
413,1491567988,False
414,1918887285,False
415,1395844472,True
416,1503077754,False
417,1858684286,True
418,2095187327,True
419,1509454059,False
420,1859085700,False
421,1950565767,False
422,1689486729,True
423,2010146190,False
424,1960034541,True
425,2182047120,True
426,2063000977,True
427,1871349139,True
428,1941267862,False
429,1460618649,False
430,1480852896,True
431,1916634529,True
432,1405240741,True
433,1640924583,False
434,2065589675,True
435,1992598958,False
436,2029938095,True
437,1895089586,False
438,1689593268,False
439,1684227514,False
440,1987847612,False
441,1391650238,False
442,1895212479,False
443,2101585345,False
444,2064927649,False
445,1933436361,True
446,1906861533,True
447,1842963934,False
448,1925563873,False
449,1883678178,True
450,1691952611,True
451,2010916326,False
452,1606657511,False
453,1423009257,True
454,1404012015,True
455,1499858417,True
456,1485201662,True
457,1983978130,False
458,1350476031,True
459,2002216444,True
460,1477494274,False
461,1880043777,False
462,1561470475,True
463,1697367568,True
464,1933313553,False
465,1863886354,True
466,1856756654,True
467,1854924311,False
468,1359625135,False
469,1892222498,True
470,2010646054,False
471,1426245161,True
472,1503217195,True
473,1533879856,True
474,1895912751,True
475,1914619443,True
476,1628120629,True
477,1829791286,False
478,1504282169,False
479,2107876927,True
480,1478895177,False
481,1840850508,True
482,1691887181,True
483,1988257358,False
484,1441332152,False
485,2013578837,False
486,1861314143,True
487,1367213664,False
488,1399817827,False
489,1609739196,False
490,2065286763,True
491,1804469868,False
492,1995989266,True
493,1480590962,True
494,2000987764,False
495,1534034009,True
496,1914914423,False
497,1536927354,False
498,1502452671,True
499,1531151997,True
500,1804650114,True
501,1932608822,True
502,1527826057,True
503,1684571786,False
504,1889216140,False
505,1948190353,False
506,2068547220,True
507,2117469845,False
508,2063091352,True
509,1478715033,False
510,1539491484,True
511,1555252900,True
512,1986700969,True
513,1430857330,False
514,1479034543,False
515,1474291377,True
516,1694672562,False
517,1974609589,False
518,1386505910,True
519,1862231737,False
520,1968850618,False
521,2063517372,False
522,1379501758,True
523,1697818230,True
524,2077320904,True
525,1535084234,False
526,2067842765,True
527,1923909329,False
528,1474922195,False
529,1541850836,False
530,1447167702,True
531,2159126237,False
532,1974298339,True
533,1671358182,True
534,1943922409,True
535,2157061866,True
536,2077718141,True
537,1433741042,True
538,2092197627,True
539,1450903302,True
540,1975207688,True
541,2107746062,True
542,1889625871,True
543,2181130001,True
544,1431996178,False
545,1810687766,False
546,1977091866,False
547,2193524509,False
548,2008680222,False
549,2108548897,True
550,1420142374,True
551,1508819249,True
552,1947084585,True
553,1434232622,True
554,1895466802,False
555,2080442164,False
556,1403578166,False
557,1361692473,True
558,1506510650,False
559,2015692611,True
560,1863591748,True
561,2128594760,False
562,1992443724,True
563,1383974733,False
564,2063470904,True
565,1338386261,False
566,1859446615,False
567,1876100954,False
568,1353011514,True
569,1445782871,True
570,2012686182,False
571,1917020010,False
572,1834919789,False
573,2104919918,False
574,1397426034,False
575,2110015348,False
576,1453098869,False
577,2092844919,False
578,2199144312,True
579,1827579771,True
580,1935124356,True
581,1366026119,False
582,2176558984,False
583,2098136969,True
584,1811867531,True
585,1378748302,False
586,1663436687,True
587,769083280,False
588,2109974422,True
589,1959987099,True
590,1916351539,False
591,1666148259,True
592,1536417423,True
593,1389308163,True
594,1893853101,True
595,1957373870,False
596,1668245426,True
597,1492641716,False
598,1958774709,False
599,2192320439,True
600,1488021433,False
601,2083137467,True
602,2021443520,False
603,1379854276,False
604,1671210956,False
605,1599039440,False
606,2138638290,True
607,1418430420,True
608,1840777174,True
609,2064631768,False
610,1914177497,False
611,1972824031,True
612,1767403856,False
613,1830029282,True
614,2066679779,False
615,1499588581,False
616,1462380519,True
617,1827702764,False
618,1893697517,True
619,2060683250,False
620,769337333,True
621,1583818742,True
622,1458430294,True
623,2067613703,True
624,1598949387,True
625,1583966223,True
626,1911457811,False
627,1474357269,False
628,1392003098,True
629,2118027293,False
630,1686931489,False
631,1394567203,True
632,1993868977,True
633,1483245611,True
634,1668556845,True
635,1891354670,False
636,1409024349,False
637,1414301744,True
638,2027353779,True
639,1406699574,False
640,2081269818,False
641,1378527294,True
642,1859446847,True
643,1796515913,True
644,1423328513,True
645,1986807888,True
646,2158700627,False
647,1539311289,False
648,2064861272,False
649,1843226714,True
650,1896884315,True
651,1374439517,True
652,1850550371,True
653,1974939502,False
654,1945561195,False
655,1964386416,False
656,1929742453,True
657,1810638968,True
658,1666238587,False
659,1923459197,True
660,1843333248,True
661,1684334726,False
662,1635920008,True
663,1571997840,True
664,1832765587,False
665,1378625684,False
666,1865099413,True
667,1974175894,False
668,2158987415,False
669,1866975384,False
670,1901799577,False
671,2012940442,True
672,1874176156,True
673,1482033310,True
674,1673815749,False
675,1487849633,False
676,1873504419,False
677,2013317286,False
678,1859692713,False
679,1983817900,False
680,1552189613,False
681,2126235336,False
682,1671129267,True
683,1876805812,False
684,1384209594,True
685,2068342969,True
686,2178692811,False
687,1910991045,False
688,2156677318,False
689,1551345863,True
690,1433651403,False
691,1895114957,False
692,1310558417,False
693,1408846039,False
694,2181195992,False
695,2108139739,True
696,1587112159,False
697,1801832672,False
698,1809426660,True
699,1874282725,False
700,1767360744,True
701,1423288554,True
702,1464109298,False
703,1689659635,False
704,2002061565,False
705,1455327491,True
706,2039941380,True
707,1502341382,False
708,1451141384,True
709,1880238345,False
710,1899006218,True
711,2183792909,True
712,1548847374,False
713,1972685076,False
714,1383098649,False
715,1861011739,False
716,1444779738,True
717,1673447710,False
718,2082949424,False
719,1934739764,False
720,1978665269,False
721,1807878462,True
722,1466042692,True
723,1459259718,True
724,1899850056,False
725,1963134007,False
726,2113890637,False
727,1509689689,True
728,1373251935,False
729,1811704163,True
730,2108320103,False
731,1462061417,True
732,1986595180,False
733,1973004653,False
734,2076256631,True
735,1426147704,False
736,1939712379,True
737,1766082945,False
738,1456777604,True
739,1620748681,False
740,1697737102,False
741,1900046746,True
742,2006895006,False
743,1493715361,True
744,1979107752,True
745,1839958449,True
746,1355092382,False
747,1391897019,False
748,1671432637,True
749,1390925557,False
750,1345530304,False
751,2197006785,True
752,1668493996,False
753,1495673291,False
754,1863215565,False
755,1977354706,False
756,1694607827,True
757,1673865688,False
758,1991666142,True
759,1404980304,True
760,1500301796,True
761,1483467242,False
762,1673210350,True
763,1405299188,True
764,1945422325,False
765,1985948156,False
766,1501440511,False
767,1571441153,True
768,1942170116,False
769,1422859350,True
770,2068582828,False
771,1842825738,True
772,2013039115,True
773,1854695950,False
774,2040539666,False
775,1365609384,False
776,1885596181,False
777,1934912028,False
778,1612188192,True
779,1953065505,False
780,1475545636,True
781,1860798214,True
782,1511229990,True
783,1523092007,False
784,2057800235,True
785,1859357233,False
786,1449495090,True
787,1995917878,False
788,1842833975,False
789,1991371320,False
790,1764974176,False
791,2198252097,True
792,1419553348,True
793,2011662919,False
794,1410239052,True
795,1769712210,True
796,1421421139,False
797,1963272790,True
798,1974889056,False
799,1551583842,False
800,1986226788,False
801,1860168294,True
802,1398933265,False
803,1494774204,False
804,2114390635,True
805,1523092079,True
806,1882868336,False
807,2146691699,True
808,1408707188,True
809,2068449910,False
810,2016250491,True
811,1921682050,True
812,2065200918,True
813,1413974664,False
814,1504329937,True
815,1944054411,True
816,1860160141,True
817,2178853523,False
818,1666460321,True
819,1983670950,True
820,1671121575,True
821,1998547629,True
822,1517890225,False
823,1771383923,False
824,1489840822,False
825,1940220599,False
826,1489398460,True
827,1806944958,False
828,1994541759,False
829,1525459648,False
830,1515712335,True
831,1857637061,False
832,1882909382,False
833,2095305164,False
834,1979222731,False
835,1368165068,True
836,1347586765,True
837,1487088338,False
838,1316539097,False
839,1473104602,True
840,1687063262,True
841,1893829347,False
842,1824893669,True
843,1998424806,False
844,1894771432,True
845,1827474160,True
846,1918839537,False
847,1567730418,True
848,1489988349,True
849,2061229184,False
850,1663683337,False
851,1553025805,True
852,1914980142,True
853,2067086468,False
854,1350208283,False
855,2075462434,True
856,1963952938,False
857,1863699244,False
858,1871391533,True
859,2198989614,False
860,1871686450,True
861,1880378164,True
862,1426746167,True
863,1860283193,False
864,2117886431,True
865,1866787646,True
866,1880166880,False
867,1920363334,True
868,1366924428,False
869,1372408652,True
870,2176559949,False
871,1921112717,True
872,1441467233,True
873,1668434795,True
874,1455074160,True
875,1835109527,True
876,2108582802,False
877,1673341849,True
878,1916406689,True
879,1896852388,False
880,2142768039,True
881,1897532328,False
882,1604774828,False
883,1692027822,True
884,1774300081,False
885,1432120246,True
886,1901235128,True
887,1984801723,False
888,1943612348,True
889,1487662016,False
890,2115832770,False
891,1998318531,False
892,1665829829,False
893,2061052871,False
894,1840163785,True
895,1406839757,True
896,2062642139,True
897,2092968926,True
898,2155091523,False
899,1884957668,True
900,1809538214,False
901,2012851176,False
902,1774463977,True
903,1896909802,True
904,1889766380,False
905,1536774653,False
906,2107988999,False
907,2115065683,True
908,2192542709,True
909,1933499561,False
910,1434012664,False
911,1386597372,False
912,1771793409,False
913,1963838471,False
914,1509207049,False
915,1460774743,False
916,1931488269,True
917,1417336664,False
918,2028203029,False
919,1430662168,True
920,1487580187,True
921,2112506909,False
922,2137885726,False
923,1860365343,True
924,2110262306,False
925,1894427686,False
926,1993608233,True
927,1924058157,False
928,1366174771,False
929,2027263838,False
930,1932536887,True
931,1859099828,True
932,2195748703,True
933,1911352385,False
934,1452092482,True
935,1986923590,False
936,1981123655,True
937,2010786896,True
938,2142612562,False
939,1925934163,False
940,1415105624,False
941,1886743645,True
942,1861422181,False
943,1381806610,False
944,1876896881,False
945,2195950707,True
946,2014497914,True
947,1686604927,False
948,2093575297,True
949,2110573698,True
950,1393948523,False
951,1470680709,True
952,2109664389,True
953,1829629063,False
954,1670974602,True
955,2110775831,True
956,1879936141,True
957,2101299053,False
958,1887628433,True
959,1518079124,True
960,2013467161,False
961,2112310424,False
962,1425968281,True
963,1457269917,False
964,1535519904,False
965,1796451494,False
966,1561644205,False
967,1561906352,False
968,1949609142,True
969,1838021264,True
970,1431047359,True
971,1968712897,False
972,1885547718,True
973,1886473415,False
974,1861405896,False
975,1345318091,True
976,1959457495,True
977,1980714191,False
978,1932455121,False
979,1974775000,True
980,1697230041,False
981,1856654543,False
982,1836420326,False
983,1515457771,False
984,2081336560,True
985,1501908213,True
986,1392061694,True
987,1854008575,True
988,1504062721,False
989,1883925766,False
990,1910307270,False
991,1943762819,True
992,2027506905,False
993,1494314266,False
994,1391807778,False
995,2020146971,True
996,2010377513,False
997,2108681521,True
998,2181696818,False
999,1860959550,False
1000,1814733279,True
1001,1377406272,True
1002,1461882183,False
1003,1957277000,False
1004,1471122762,False
1005,2062986571,False
1006,1974521164,False
1007,1489636687,False
1008,1871596884,False
1009,2020191582,True
1010,1935428959,True
1011,2082106725,True
1012,1430744424,True
1013,1894183484,True
1014,1861004655,True
1015,1895730544,False
1016,2065960306,False
1017,1532906867,True
1018,1602874740,False
1019,1471024508,False
1020,1932995967,True
1021,1491979653,False
1022,2091175303,False
1023,1843563913,True
1024,1409836399,False
1025,1957930465,False
1026,2091093397,True
1027,2008124823,True
1028,1513316932,False
1029,2008984987,True
1030,1811606944,False
1031,1544138145,False
1032,1885998499,True
1033,1561210278,False
1034,2063281584,True
1035,1812491700,False
1036,2000678327,True
1037,1921224121,False
1038,1911090627,True
1039,2154827205,False
1040,1809706443,False
1041,1977437645,False
1042,2062552528,True
1043,1554443740,True
1044,1832721655,False
1045,1432309220,True
1046,1416564199,True
1047,1422527977,True
1048,1480633834,True
1049,1854500332,False
1050,2061413869,False
1051,1803980277,True
1052,1491447286,True
1053,1897311736,False
1054,1984698282,True
1055,2193255935,True
1056,1861709312,False
1057,1486155265,True
1058,1407667715,True
1059,1460112911,False
1060,2020134417,False
1061,2066337298,False
1062,2101792278,True
1063,1513254426,False
1064,1673078706,False
1065,1973218862,True
1066,1453223472,True
1067,1822174770,False
1068,1567993401,False
1069,1916486239,False
1070,1935535689,False
1071,1525206610,True
1072,1807257172,True
1073,2027613784,True
1074,1393970778,False
1075,1977511522,True
1076,1812598374,False
1077,1926024809,True
1078,1391956583,True
1079,1486073452,False
1080,1861360278,False
1081,1507683951,False
1082,1943424630,False
1083,1855188599,False
1084,2193321592,False
1085,1401065087,True
1086,1671063488,True
1087,2130751109,False
1088,1929522822,False
1089,1871515273,True
1090,1866608274,False
1091,1874103956,False
1092,2182565525,True
1093,1554768495,True
1094,1501974172,True
1095,1287403766,True
1096,2063371941,True
1097,1965895338,True
1098,1810575021,False
1099,1449397938,False
1100,1863298747,True
1101,2013646526,False
1102,2009460415,False
1103,1907429060,True
1104,1843441351,True
1105,1397666553,False
1106,2076348113,False
1107,1914031829,True
1108,2008682205,False
1109,2110484192,False
1110,1859579637,False
1111,1356959479,True
1112,1810648824,False
1113,2092314362,False
1114,1420243583,False
1115,2081392598,True
1116,2068205321,True
1117,2128285457,True
1118,2060930836,False
1119,2007363351,False
1120,1368043292,False
1121,2017283870,True
1122,1413885728,True
1123,1864290085,False
1124,2095238951,True
1125,1478815533,True
1126,1832673928,True
1127,2121502515,False
1128,1532235574,True
1129,1896935224,True
1130,1917082932,True
1131,1819119418,False
1132,1810591554,True
1133,1941979787,True
1134,2099425092,True
1135,1473482567,True
1136,1848037192,False
1137,1499770697,False
1138,1489727311,False
1139,1858731320,False
1140,1643269980,False
1141,2177257309,True
1142,2114301791,False
1143,1482559328,False
1144,1663586146,True
1145,1935904612,False
1146,1482657645,True
1147,2062684014,False
1148,1974218607,False
1149,1972514674,False
1150,2155057012,True
1151,1993547070,False
1152,2194067318,True
1153,1561669495,True
1154,1458360184,False
1155,1516294015,False
1156,1861168521,True
1157,1423467148,True
1158,2029823980,False
1159,1995624333,True
1160,2076536729,False
1161,1943130017,True
1162,1813729187,True
1163,1674031017,False
1164,1668507634,True
1165,1569165234,False
1166,1379635125,True
1167,1447284666,False
1168,2067328957,True
1169,2029612992,False
1170,1981861829,True
1171,1893339081,False
1172,1478627275,False
1173,1810515265,False
1174,1549029328,False
1175,1609625554,True
1176,2033684435,True
1177,2007183322,True
1178,1914605531,False
1179,1434382304,False
1180,1297674214,False
1181,1816014829,False
1182,2179624943,False
1183,1861488625,False
1184,1957974007,False
1185,1972195323,True
1186,1973325825,True
1187,1668345858,True
1188,1958924291,True
1189,1923977220,False
1190,2030735369,True
1191,1882787852,False
1192,1858162701,False
1193,2109829139,True
1194,1948102678,False
1195,1893399897,True
1196,1892921371,True
1197,1608708128,True
1198,1561210914,False
1199,1522823207,True
1200,1998032937,False
1201,1601228845,True
1202,1857540142,True
1203,2020216880,False
1204,1995395126,False
1205,1934749751,True
1206,2138574904,False
1207,1668591683,True
1208,1857581126,False
1209,1472311371,False
1210,1509053112,True
1211,1482469458,True
1212,2066985045,False
1213,2077929558,False
1214,1814810714,False
1215,2138469636,True
1216,1403752544,True
1217,1518278672,False
1218,1394684020,False
1219,1500475511,True
1220,1896747131,False
1221,1670901885,True
1222,1287270526,True
1223,2107854977,False
1224,2070114438,False
1225,1404178567,True
1226,2076381332,False
1227,2017374358,False
1228,1963151513,True
1229,1916514465,True
1230,1927929201,False
1231,1359794345,True
1232,2131079341,False
1233,1666125998,False
1234,1671360687,False
1235,2077552827,True
1236,2016383165,False
1237,1800589503,False
1238,1835110593,False
1239,2080280770,False
1240,1612288202,False
1241,2060423372,True
1242,1673081038,True
1243,1670963917,True
1244,2012778708,False
1245,1945972951,False
1246,2145169626,False
1247,2191757537,False
1248,1571057891,True
1249,1876955365,False
1250,1973312892,True
1251,2062882855,True
1252,1470673134,False
1253,1912443120,True
1254,1931415793,False
1255,1457115381,False
1256,2060759290,False
1257,1911214336,False
1258,1810583809,False
1259,1456550151,True
1260,1423036681,False
1261,1379938571,False
1262,1570640141,False
1263,1973372973,False
1264,2112172308,True
1265,1997795606,False
1266,1472655640,True
1267,1395020059,True
1268,1835274526,False
1269,1860309281,True
1270,1991602467,False
1271,2077430052,True
1272,1476931877,True
1273,1665986855,True
1274,1777365288,False
1275,1880854826,True
1276,2108491827,False
1277,2193658590,False
1278,1913246007,False
1279,1432842552,False
1280,1771557569,False
1281,1423692107,False
1282,1947775308,True
1283,2177741136,False
1284,2179855075,False
1285,1420816727,True
1286,1535390044,False
1287,1935692127,False
1288,1512771944,False
1289,1567347057,True
1290,1950077300,False
1291,2093135715,False
1292,1895756150,True
1293,1764905339,True
1294,2028007805,True
1295,1673630085,True
1296,1911763339,True
1297,1832784278,True
1298,1892938136,False
1299,2013188506,True
1300,1809559963,True
1301,2108453277,True
1302,1665700254,True
1303,1865716131,False
1304,1452208550,False
1305,1878757801,True
1306,2008002986,False
1307,1858236844,True
1308,2118226357,False
1309,1666453945,False
1310,1894003132,False
1311,1342304703,False
1312,2176618946,True
1313,1441649092,False
1314,770724297,False
1315,1481994700,True
1316,1419473361,True
1317,1555362553,False
1318,1384296927,True
1319,2108797408,False
1320,1915570256,True
1321,1583698405,False
1322,2093093353,False
1323,2076499367,False
1324,1476080111,False
1325,2032505340,True
1326,2027852285,True
1327,2114744832,False
1328,1377145347,True
1329,1322177029,True
1330,1513050637,False
1331,1975030290,True
1332,1060123156,True
1333,1463964181,True
1334,1935806999,True
1335,1552953881,False
1336,2010788382,True
1337,1366856226,False
1338,1673941543,False
1339,1959703085,False
1340,1893683763,True
1341,2067550774,False
1342,1809429047,False
1343,1530212923,False
1344,1901711932,False
1345,1407644226,True
1346,1554584131,True
1347,1434178118,True
1348,1974383177,True
1349,2154918475,True
1350,1552110156,False
1351,2198057551,True
1352,1491407443,True
1353,1441075807,True
1354,1931711078,True
1355,1897861905,True
1356,1671067751,True
1357,1501557358,True
1358,1395205813,False
1359,1920529011,True
1360,2108256895,True
1361,1365865091,True
1362,1366766217,False
1363,1404318354,False
1364,1952902595,False
1365,2015564443,True
1366,1567519389,False
1367,1463014046,True
1368,2013794982,True
1369,1802982056,True
1370,1571861164,False
1371,1963528888,False
1372,1350062784,True
1373,1897673409,True
1374,1530712770,False
1375,1530434246,True
1376,2178739661,True
1377,1993659090,False
1378,1982075607,True
1379,1912386269,True
1380,1809928926,False
1381,2147422945,False
1382,2027754211,True
1383,1397748464,True
1384,2107983537,True
1385,1671123709,False
1386,1501221635,True
1387,2062111500,False
1388,1934734093,True
1389,1579029262,True
1390,1402303248,False
1391,1381675793,False
1392,2007438099,False
1393,2145235732,False
1394,2156516128,True
1395,1871442726,False
1396,1880592577,False
1397,1812665131,True
1398,1513530162,False
1399,1372312367,False
1400,1479332656,True
1401,2107740985,True
1402,1508889405,False
1403,1512518463,True
1404,1892602691,False
1405,1813838604,False
1406,1689080648,False
1407,1523503949,True
1408,2033562446,True
1409,1389097807,True
1410,1981406723,False
1411,1445655378,False
1412,2060890965,False
1413,1964135256,False
1414,2075276122,True
1415,1816785755,False
1416,1530590053,False
1417,1893483324,False
1418,1893569389,True
1419,1668109169,True
1420,1841910642,True
1421,2041025397,False
1422,1668240246,False
1423,1945112557,True
1424,1463153544,False
1425,1399967212,True
1426,1921217418,True
1427,1963496331,False
1428,1857024909,True
1429,1401196013,False
1430,1373655957,True
1431,2109649818,False
1432,1464152992,True
1433,1939395493,False
1434,2013254571,False
1435,1802056620,True
1436,1350302548,True
1437,1525863353,True
1438,2062698655,True
1439,1910035388,True
1440,1569002429,True
1441,2112056821,False
1442,1462203333,False
1443,1812173770,True
1444,2075980748,True
1445,1934939086,False
1446,1668338643,False
1447,2107839445,False
1448,2093339609,False
1449,1466307554,True
1450,1856486909,True
1451,1932432373,True
1452,1386304505,True
1453,1352646143,False
1454,2178782204,True
1455,2110583807,True
1456,1604924420,False
1457,1811567623,True
1458,1668862986,False
1459,1911583755,True
1460,1464022030,False
1461,2084942867,True
1462,2070303765,False
1463,1854174232,False
1464,1666372636,False
1465,1876218911,True
1466,2140476449,True
1467,2176488482,False
1468,1535595565,False
1469,1470780463,False
1470,1933095987,True
1471,1864520760,True
1472,2183812156,False
1473,1663546431,True
1474,2108634176,False
1475,1858827329,False
1476,1940059203,True
1477,1897239620,False
1478,1819350089,False
1479,1555444810,False
1480,2075759693,False
1481,1501951065,False
1482,1910125660,False
1483,1892430943,False
1484,2113655905,False
1485,2108052578,True
1486,1413961915,False
1487,1416377444,False
1488,1766274149,False
1489,2001032297,True
1490,1460065387,True
1491,2183894124,False
1492,1856525423,False
1493,1981953141,False
1494,1663382647,False
1495,1371198585,True
1496,1472009338,False
1497,1974375547,True
1498,2061254166,False
1499,1919071372,True
1500,1394635921,False
1501,1431095491,False
1502,1883149460,True
1503,1506448535,False
1504,1857680544,False
1505,1477781703,False
1506,1552807088,True
1507,2063202504,False
1508,1551193267,False
1509,2062660792,True
1510,2060301497,True
1511,1857279163,True
1512,1422406844,True
1513,1599141056,True
1514,1805620417,True
1515,1925851339,True
1516,1485324630,False
1517,1969140935,False
1518,1995781321,False
1519,2080584907,False
1520,1949504719,True
1521,1477088464,True
1522,2063373523,False
1523,1689326808,True
1524,1859032281,True
1525,1530025181,False
1526,2021037281,True
1527,1981748451,False
1528,2010559717,True
1529,2075800809,True
1530,1976726768,False
1531,1848022276,False
1532,1863513350,False
1533,1663931259,True
1534,2032776461,False
1535,1441166608,True
1536,2030982417,True
1537,1916220690,False
1538,1491858707,True
1539,1478538518,False
1540,1893242136,False
1541,2000762142,True
1542,1976836813,True
1543,1914713381,False
1544,1857271079,False
1545,1668137863,True
1546,1476973868,True
1547,1462949166,False
1548,1525847343,False
1549,1459418421,False
1550,2178970934,False
1551,2098216500,True
1552,1391358859,False
1553,1861506376,True
1554,1947178316,False
1555,1921480014,True
1556,1924085071,True
1557,1803834706,False
1558,1886116987,False
1559,2196501846,False
1560,1871572537,False
1561,1606456664,False
1562,1874012388,False
1563,1907594589,True
1564,1689744737,False
1565,1479228987,False
1566,1513173366,False
1567,1620841831,True
1568,1810404713,False
1569,1525187474,True
1570,2142836969,False
1571,1684419960,False
1572,1882002809,False
1573,1552053630,True
1574,1859220863,True
1575,1972303233,False
1576,2079593863,True
1577,1635972488,True
1578,1470944649,True
1579,2063332746,True
1580,1548490128,False
1581,1450603921,True
1582,1666209170,True
1583,770995607,False
1584,1941706137,False
1585,1945236890,False
1586,1440795164,True
1587,1932432806,False
1588,1444573475,False
1589,1981322667,True
1590,1503578354,False
1591,1407817135,False
1592,2145285558,True
1593,2007037370,False
1594,1941583291,True
1595,1670863093,False
1596,2014361846,False
1597,1986033095,False
1598,1363908042,True
1599,1895011793,True
1600,1666577877,False
1601,1687000541,False
1602,1383191461,False
1603,1991112163,True
1604,1981005393,True
1605,2120693224,True
1606,1917711851,True
1607,1953166833,False
1608,1363088891,True
1609,1859245564,False
1610,1947612675,True
1611,1553356293,True
1612,1893865729,False
1613,1663505929,True
1614,1964455435,True
1615,1895011855,False
1616,1942091280,False
1617,1939902040,True
1618,1918457362,False
1619,1570444819,True
1620,1892081241,True
1621,1880569368,True
1622,1993348638,True
1623,1513330209,False
1624,1491777059,True
1625,1450649862,True
1626,1666045478,False
1627,1562416679,True
1628,1921316393,False
1629,2065765933,False
1630,1980593715,False
1631,1514575412,False
1632,1988394590,True
1633,2016482876,True
1634,2020095552,True
1635,1460205121,False
1636,1976981059,False
1637,1494906437,True
1638,1932514886,False
1639,1876710983,True
1640,1923642959,True
1641,1923905104,True
1642,2191144529,False
1643,2060482132,False
1644,2195854935,False
1645,1691817562,True
1646,1465923163,False
1647,1378653789,True
1648,2075276894,True
1649,1894659683,True
1650,2131129958,False
1651,1527928425,True
1652,1882371691,True
1653,2067682924,True
1654,1668839023,False
1655,2062737676,False
1656,1829895786,True
1657,1933489792,False
1658,1670592135,True
1659,1362386540,False
1660,2033006219,False
1661,1924019854,True
1662,1417303696,False
1663,1981265554,True
1664,1562441373,False
1665,2117383841,False
1666,2181387942,False
1667,1934603943,False
1668,2064299688,False
1669,1843041961,True
1670,1805407916,False
1671,1445731954,False
1672,1691612847,False
1673,1895618227,True
1674,1551734454,True
1675,1357141697,True
1676,1376177782,False
1677,1876850379,True
1678,1668437721,True
1679,1413830362,False
1680,1582364381,False
1681,1501353700,True
1682,1423570663,False
1683,1991317227,True
1684,2077734638,True
1685,2108085999,True
1686,2011920115,False
1687,1995503349,True
1688,2066888438,True
1689,1502574329,False
1690,2068092670,True
1691,1883780865,False
1692,1534228227,True
1693,1843672837,True
1694,1670993670,True
1695,1939511048,False
1696,1456723721,True
1697,1530115850,True
1698,1422956302,True
1699,1966487311,False
1700,1973122832,False
1701,2008512273,True
1702,2060146450,False
1703,1384060692,False
1704,1409931030,True
1705,1454282520,True
1706,1812535066,True
1707,1523685148,False
1708,1895411333,True
1709,1463392032,False
1710,1766558000,True
1711,1439586083,True
1712,1894005041,True
1713,2070058798,False
1714,1807738402,False
1715,1893013300,True
1716,2068680329,True
1717,2176882495,True
1718,768808772,True
1719,1440921415,False
1720,1827436360,False
1721,1895520083,True
1722,1529435991,False
1723,1861662552,True
1724,1665685543,False
1725,1871869786,True
1726,1883676303,False
1727,1933563740,True
1728,1907275614,True
1729,2029688671,True
1730,1939257187,False
1731,1667995496,False
1732,1507869671,True
1733,1857460079,False
1734,1464227696,True
1735,1918703475,False
1736,1512153177,True
1737,1993447295,True
1738,1873868674,True
1739,2196830083,False
1740,2107660182,True
1741,1894045596,True
1742,1847900065,False
1743,1412181660,False
1744,1432475562,True
1745,1941444525,False
1746,1988057006,False
1747,1552291760,True
1748,2191243186,True
1749,1668110665,True
1750,2184910779,False
1751,2063054781,False
1752,1533736896,True
1753,1925642177,False
1754,1416058820,True
1755,1959770055,True
1756,1671256008,False
1757,2061866954,True
1758,1862629324,True
1759,1481924258,True
1760,2033137997,False
1761,1395382225,False
1762,2184665045,False
1763,1476229078,True
1764,2062424026,False
1765,1893865435,False
1766,2126100455,False
1767,2052610024,True
1768,1668682748,False
1769,1925748715,True
1770,1501705065,False
1771,1465128946,True
1772,1494431733,True
1773,1943279606,True
1774,1893119991,False
1775,1766406140,True
1776,2021316605,True
1777,1934792707,True
1778,1882683397,False
1779,1085741062,True
1780,1488746511,False
1781,2177005584,True
1782,2125994001,False
1783,2087778325,False
1784,1663682905,False
1785,1977186331,True
1786,1886935076,True
1787,1553302534,True
1788,1684903975,False
1789,1319467048,True
1790,1425815594,True
1791,2184452141,False
1792,1670707254,False
1793,1433909310,True
1794,1491623605,True
1795,1895168071,True
1796,1391818824,False
1797,1506900050,True
1798,2000926804,False
1799,1609381979,False
1800,1961736287,False
1801,1450580067,False
1802,1860687975,False
1803,1979553906,True
1804,1500657779,True
1805,1933285495,False
1806,1983789179,False
1807,1694734460,False
1808,1666185341,False
1809,1855674497,False
1810,1872001156,True
1811,2109724816,False
1812,1609521299,False
1813,2063082521,False
1814,1376034500,False
1815,1862121628,True
1816,1481087135,False
1817,1687304352,True
1818,1834932386,True
1819,1932637212,False
1820,2182314158,False
1821,1394088118,True
1822,1917819065,True
1823,2008880159,True
1824,1689417916,True
1825,1488563915,True
1826,1492285638,True
1827,1933132833,False
1828,1932523720,False
1829,2181519569,True
1830,2061039829,False
1831,1923741910,False
1832,1379358936,True
1833,2030827740,True
1834,1913346269,False
1835,1500797157,False
1836,1901140200,False
1837,1372215529,False
1838,1687199442,True
1839,1856641262,True
1840,1809234301,False
1841,1847908597,True
1842,1998715126,True
1843,2012759081,False
1844,1515608312,True
1845,1666308348,True
1846,1377278209,False
1847,2062260487,False
1848,1910208777,True
1849,2060990735,False
1850,1666177296,False
1851,1812592913,False
1852,1668012309,False
1853,1697618202,False
1854,1769824206,True
1855,1481439524,False
1856,2109708585,True
1857,1794349354,False
1858,1391737132,False
1859,2109659438,False
1860,1453701425,True
1861,2001089587,True
1862,2140559679,True
1863,1491720521,True
1864,1815910733,False
1865,1886804303,False
1866,2183857503,True
1867,1423329678,False
1868,1297611098,True
1869,1945721183,True
1870,1643338087,False
1871,1463761256,True
1872,1950431595,False
1873,2109725036,False
1874,1917589873,False
1875,1532451189,True
1876,1857796470,True
1877,1807391096,False
1878,1518180730,True
1879,1684715899,True
1880,1635836607,False
1881,1472141696,False
1882,2110347651,True
1883,1921366412,False
1884,1423088014,False
1885,1450514832,True
1886,1887467922,False
1887,1668506691,False
1888,1818925460,True
1889,2105006485,False
1890,2108168598,False
1891,2128557124,True
1892,1352530338,True
1893,1470945699,True
1894,1507531178,False
1895,2076416428,True
1896,1400846766,True
1897,1667987887,False
1898,1673099701,True
1899,2197232058,True
1900,2101449868,False
1901,2098362817,True
1902,1608858051,True
1903,2039883712,False
1904,1284323782,False
1905,1913321938,False
1906,1857370581,True
1907,1845639642,True
1908,1964210652,True
1909,1765947873,True
1910,1673477884,False
1911,2198141418,True
1912,2030320107,True
1913,1528412655,True
1914,1972775336,False
1915,1885895154,True
1916,2063137269,True
1917,1964046839,False
1918,2196306427,False
1919,2107079164,True
1920,2078120447,False
1921,1479277056,True
1922,1981733381,False
1923,1477663240,False
1924,1665972746,False
1925,1907055118,False
1926,1990572559,True
1927,1620572688,False
1928,1612085778,True
1929,1591196180,False
1930,1510447640,False
1931,1318959641,True
1932,2181823003,True
1933,2130041372,True
1934,1456929310,False
1935,2076170796,True
1936,1443633714,True
1937,1501746271,False
1938,1529911868,True
1939,1513331263,True
1940,1884936769,True
1941,1439497995,False
1942,1865038406,True
1943,1858344033,True
1944,1482971733,True
1945,2062023258,True
1946,1813042277,False
1947,1862498912,False
1948,1395546722,False
1949,1403853412,True
1950,1894505061,True
1951,1868806765,True
1952,1979480692,True
1953,2064407159,False
1954,1373825471,False
1955,1353169537,True
1956,1495505542,True
1957,1855773320,False
1958,1856786199,True
1959,1969207949,False
1960,2040634000,False
1961,1506998929,False
1962,2077571730,True
1963,1845467796,False
1964,1555036822,False
1965,1880480408,False
1966,774247535,False
1967,1781914268,True
1968,1940322974,True
1969,1933384351,False
1970,1692105377,False
1971,1830116002,True
1972,1878548251,True
1973,1603025350,True
1974,1925921448,False
1975,2191055532,False
1976,2093284015,True
1977,1876548273,True
1978,1394473652,True
1979,2114632374,False
1980,1415953079,False
1981,1394596536,False
1982,1426111162,True
1983,1932974786,False
1984,1896692434,True
1985,1671208055,True
1986,1798503132,False
1987,1976212191,False
1988,2112812155,True
1989,2065111781,True
1990,1864620776,True
1991,1807579893,False
1992,2062482167,True
1993,1434289074,False
1994,2108218114,True
1995,1482849027,True
1996,1666366213,False
1997,1609259786,True
1998,1421007628,True
1999,2040909613,True
2000,1423493592,True
2001,2193849107,False
2002,2061916953,False
2003,1525725979,True
2004,2010299165,False
2005,1407499045,True
2006,1878309670,True
2007,2034834217,True
2008,2040757034,True
2009,1972001584,False
2010,1393834801,True
2011,2107662815,False
2012,1533221687,True
2013,1555151673,True
2014,1609946252,False
2015,1480653642,True
2016,1355499065,False
2017,2065193805,False
2018,1898912590,False
2019,1862327120,False
2020,2008190776,False
2021,1918614355,True
2022,2076097364,True
2023,1975286617,False
2024,1871633243,False
2025,2065374045,False
2026,1887107945,True
2027,1663365687,True
2028,1668758379,False
2029,1420622700,True
2030,1689893744,False
2031,2028338034,True
2032,1807072115,True
2033,2060213109,False
2034,1858611690,False
2035,1492543149,False
2036,1410104194,True
2037,1794276233,False
2038,1454381964,False
2039,1990205250,True
2040,1535228815,True
2041,1397775252,True
2042,1455176597,True
2043,1972091798,True
2044,1917156248,False
2045,2065048372,True
2046,1395694493,False
2047,1861966750,True
2048,1366997919,False
2049,1360780201,True
2050,1873295858,False
2051,1665686446,True
2052,1918819247,True
2053,1861622706,False
2054,1492663224,True
2055,2032614329,True
2056,1440619452,True
2057,1404529141,False
2058,1410112449,False
2059,1382071239,False
2060,1504746440,True
2061,2092415945,False
2062,1959328718,False
2063,1884412879,False
2064,1419623378,False
2065,1686838227,False
2066,1504653135,False
2067,1860271085,False
2068,1487543279,False
2069,1284234225,False
2070,1423997941,False
2071,2114485241,False
2072,2107644923,False
2073,1944132605,False
2074,2183961604,False
2075,2013128377,False
2076,1509845476,True
2077,1941150735,False
2078,2157002584,True
2079,1887544494,True
2080,2075614230,False
2081,2064017925,False
2082,1814754480,False
2083,1482734630,True
2084,1972884657,False
2085,1924109491,True
2086,1489738804,False
2087,1856134200,True
2088,2196139871,True
2089,2010381372,False
2090,2145002386,True
2091,2107923519,False
2092,1422859329,True
2093,1771052100,False
2094,1840970826,True
2095,1935355746,False
2096,1668725839,False
2097,1499634771,False
2098,1562156117,True
2099,2179423318,False
2100,2180068537,True
2101,1507372705,False
2102,1882339855,False
2103,1807031394,True
2104,1511022439,True
2105,2093833326,False
2106,2157050994,True
2107,1673628179,True
2108,771196094,True
2109,1805507703,False
2110,1863441528,True
2111,1374225599,True
2112,1913240700,False
2113,1423858816,False
2114,1537105026,False
2115,1492900996,False
2116,1855126661,True
2117,1466203273,False
2118,1884544140,True
2119,1533427565,True
2120,2109840528,True
2121,1300118674,True
2122,1512244419,False
2123,1915477141,True
2124,1964524740,False
2125,1671265441,False
2126,1487699106,False
2127,2065030309,False
2128,1811700902,True
2129,1932434600,False
2130,2195561641,True
2131,1386413230,True
2132,1981562036,False
2133,1832262143,False
2134,1840897210,True
2135,1417366207,True
2136,2107751616,True
2137,1867031755,False
2138,1361837252,True
2139,1548639429,True
2140,2178661580,False
2141,1911348429,True
2142,1975123151,True
2143,1858420523,True
2144,1856265434,False
2145,2176744667,False
2146,1929624798,False
2147,1522949343,False
2148,1401885904,False
2149,1935113449,True
2150,1974697195,True
2151,1866882284,True
2152,2176498930,False
2153,1410309367,False
2154,1401126140,False
2155,1958640905,False
2156,1895253208,False
2157,1825135893,False
2158,1893137688,False
2159,1941871897,False
2160,1879780861,False
2161,2085059868,False
2162,1431862578,True
2163,2020957492,True
2164,2033255399,True
2165,1305828664,False
2166,1949769021,True
2167,1856445758,True
2168,1774116161,True
2169,1518009673,True
2170,1837882700,False
2171,1510246968,True
2172,1880489298,False
2173,1477229913,False
2174,1850490203,True
2175,2069609831,False
2176,1864416617,True
2177,1379032433,False
2178,2191441268,True
2179,1856290165,False
2180,1910267258,True
2181,1666366844,True
2182,1446927749,False
2183,2034793869,False
2184,1493597587,False
2185,1899380119,False
2186,1918729624,False
2187,1697676707,True
2188,2009554343,False
2189,1901428136,True
2190,1509146029,False
2191,1983602094,False
2192,2061979675,False
2193,1370963382,False
2194,1859894714,True
2195,1932770748,True
2196,2003230146,False
2197,1397628360,False
2198,1362337236,True
2199,1990008281,False
2200,1673584099,True
2201,2052521446,False
2202,1665826280,True
2203,1859165677,True
2204,1841061365,False
2205,1453800956,False
2206,1418583549,False
2207,1694506494,False
2208,1892309589,True
2209,1773960705,True
2210,2069724674,True
2211,2077933059,True
2212,1997620481,True
2213,1886248456,True
2214,1465499153,False
2215,1515232788,True
2216,2009906710,True
2217,2070247171,True
2218,2011800836,False
2219,2191531548,False
2220,1620647459,False
2221,1381989928,True
2222,1974443561,False
2223,1671437866,False
2224,1377271347,False
2225,1513111092,False
2226,2112609850,False
2227,1901927995,True
2228,1916681789,True
2229,1991532094,False
2230,1673748036,True
2231,1886993995,False
2232,1809727053,True
2233,2108173763,False
2234,2181021263,True
2235,1886871120,False
2236,1440849489,True
2237,1862245976,True
2238,1628003929,False
2239,1816272474,False
2240,1988156275,True
2241,2060377693,True
2242,2192088670,False
2243,2066144864,False
2244,1454161505,False
2245,1476148837,False
2246,1920974442,True
2247,1473003115,True
2248,1819483756,True
2249,1827577454,False
2250,1450835568,False
2251,1666276978,False
2252,1927828755,False
2253,1694785141,True
2254,2177171063,False
2255,2010320832,True
2256,1426808450,True
2257,1477053035,False
2258,1516173933,True
2259,1413963421,True
2260,1777458846,False
2261,1501920930,False
2262,1974091429,True
2263,1916599980,True
2264,1553079989,False
2265,2115403451,False
2266,1990065860,True
2267,2064195270,True
2268,1402306247,True
2269,1866522315,True
2270,2065112786,True
2271,1673371349,True
2272,1918959324,False
2273,1509375710,False
2274,2193199056,True
2275,1463959267,True
2276,1893506793,True
2277,1830199019,True
2278,1454243568,False
2279,1816157943,False
2280,1993252604,True
2281,1873698557,False
2282,1836687104,True
2283,1974288129,True
2284,1318790444,True
2285,1969291018,False
2286,1552482059,True
2287,1379180301,False
2288,1486996781,True
2289,1892515602,False
2290,1355390742,False
2291,1487257370,False
2292,1889025819,True
2293,1561952028,False
2294,1921613611,True
2295,1689812780,True
2296,1886142429,True
2297,1492101768,True
2298,2091999033,True
2299,2109652802,False
2300,1933221699,True
2301,2114856246,True
2302,1440612175,True
2303,1882554200,False
2304,2093670236,True
2305,1883807581,False
2306,2095012496,True
2307,1916837731,True
2308,1960426129,True
2309,1668243304,True
2310,1874337645,False
2311,1880039279,False
2312,1440431986,False
2313,1475668627,False
2314,1945878388,False
2315,2007285621,False
2316,1767251838,True
2317,1882775429,True
2318,2181080385,False
2319,1487380361,True
2320,1884897163,True
2321,1665822701,True
2322,769408915,False
2323,1606811543,True
2324,1378434969,False
2325,2185060254,True
2326,1863393188,False
2327,1974009775,False
2328,1399717812,False
2329,2065046175,False
2330,1490100158,False
2331,1694392262,True
2332,2008391627,False
2333,1389240270,False
2334,1920212943,False
2335,1447026645,True
2336,1810014169,True
2337,1961836509,True
2338,1879571109,True
2339,1388527586,False
2340,1319051235,False
2341,2009751526,False
2342,2195617106,False
2343,2074730485,False
